{"web":{"auth_uri":"https://accounts.google.com/o/oauth2/auth","client_secret":"ZIWqbns5ChVJat-mmP7Lsv2L","token_uri":"https://accounts.google.com/o/oauth2/token","client_email":"607173849540-r6gdqq7sv1vo9n9doogkietcq8mkjuoq@developer.gserviceaccount.com","redirect_uris":["http://criticalveloss.appspot.com/oauth2callback"],"client_x509_cert_url":"https://www.googleapis.com/robot/v1/metadata/x509/607173849540-r6gdqq7sv1vo9n9doogkietcq8mkjuoq@developer.gserviceaccount.com","client_id":"607173849540-r6gdqq7sv1vo9n9doogkietcq8mkjuoq.apps.googleusercontent.com","auth_provider_x509_cert_url":"https://www.googleapis.com/oauth2/v1/certs","javascript_origins":["http://criticalveloss.appspot.com/"]}}